Lat Guess,Long Guess,CityName,CountryCode,Temperature,Humidity,Cloudiness,Wind Speed,Lat Real,Long Real,Datetime
59.933349698995755,-7.833892717269549,vagur,fo,48.69,86.0,100.0,21.59,61.47,-6.81,1603849184.0
44.47393699201305,25.47456568935243,gratia,ro,57.0,93.0,90.0,4.7,44.43,25.45,1603849184.0
-0.2580636770349969,-158.03253355948965,faanui,pf,79.65,83.0,100.0,18.72,-16.48,-151.75,1603849184.0
-28.11716430939226,-105.51484952062029,rikitea,pf,75.52,83.0,100.0,15.48,-23.12,-134.97,1603849184.0
-18.47359374394169,-178.3523671789323,vaini,to,77.0,78.0,75.0,16.11,-21.2,-175.2,1603849184.0
72.0276208679719,-129.24194730807343,tuktoyaktuk,ca,10.4,92.0,90.0,12.75,69.45,-133.04,1603849185.0
66.20969101828342,42.56613916003175,kamenka,ru,33.31,84.0,1.0,10.58,51.32,42.77,1603849185.0
-81.9987778192516,99.66983529625458,albany,au,64.4,68.0,75.0,8.05,-35.02,117.89,1603849185.0
-15.66200047002603,-18.12996603398659,georgetown,sh,74.37,78.0,100.0,14.47,-7.93,-14.42,1603849185.0
-47.2757744646089,81.6011219724486,mahebourg,mu,70.0,80.0,8.0,3.0,-20.41,57.7,1603849185.0
31.439954475803646,-91.76293275083604,natchez,us,68.0,88.0,75.0,9.17,31.56,-91.4,1603849185.0
20.58158047700708,54.841436245287866,nizwa,om,62.15,66.0,0.0,1.68,22.93,57.53,1603849185.0
9.94724217356736,-19.18551709356379,bubaque,gw,82.15,80.0,21.0,9.64,11.28,-15.83,1603849185.0
-56.9673560738593,133.27314558233786,new norfolk,au,62.01,60.0,96.0,1.99,-42.78,147.06,1603849185.0
-0.8939883827545003,154.60982878201844,namatanai,pg,86.41,65.0,25.0,1.43,-3.67,152.43,1603849185.0
-73.96381859073244,145.88444375735475,hobart,au,62.01,62.0,75.0,9.17,-42.88,147.33,1603848973.0
-45.708254560811156,-90.3194895293053,castro,cl,48.0,93.0,90.0,8.05,-42.47,-73.77,1603849186.0
2.0808864904847724,30.983158479700734,paidha,ug,62.26,91.0,71.0,1.28,2.42,30.99,1603849186.0
-34.980032495317644,-43.94467488523259,cidreira,br,62.92,88.0,100.0,13.15,-30.18,-50.21,1603849186.0
-25.739975541499703,38.14426055582237,inhambane,mz,71.67,90.0,2.0,7.36,-23.86,35.38,1603849186.0
-23.35822090096576,136.95415884627567,alice springs,au,82.4,12.0,0.0,5.82,-23.7,133.88,1603849150.0
-67.64272836257754,-10.315092199273835,cape town,za,61.0,87.0,75.0,10.29,-33.93,18.42,1603849142.0
-11.925525660696863,-20.847235775514747,georgetown,sh,74.37,78.0,100.0,14.47,-7.93,-14.42,1603849185.0
-4.092311168487484,121.16385687536439,bone,id,83.91,53.0,19.0,6.17,-9.83,124.45,1603849186.0
-27.956590248631286,87.60549008941786,carnarvon,au,73.4,64.0,0.0,23.04,-24.87,113.63,1603849186.0
69.8693314293613,-85.76736526583403,clyde river,ca,10.4,66.0,1.0,6.93,70.47,-68.59,1603848957.0
58.07499540741597,-144.0652158038779,palmer,us,48.99,89.0,100.0,3.65,42.16,-72.33,1603849186.0
89.69389941553425,89.81799088729451,dikson,ru,4.95,95.0,99.0,17.47,73.51,80.55,1603849186.0
-15.813793497101827,66.6973196970506,quatre cocos,mu,70.0,80.0,16.0,1.99,-20.21,57.76,1603848979.0
15.32724707303413,113.2984670633781,qui nhon,vn,75.65,83.0,100.0,48.94,13.77,109.23,1603849187.0
-19.641157318211427,91.27486392088531,bengkulu,id,83.41,65.0,77.0,1.59,-3.8,102.27,1603849187.0
62.1234924924442,-166.68161318065765,nome,us,34.0,86.0,90.0,4.7,64.5,-165.41,1603849187.0
17.4611216495628,-38.06355155457129,ponta do sol,cv,78.8,78.0,75.0,20.8,17.2,-25.09,1603849187.0
-21.008635085211722,-91.8249315053469,pisco,pe,64.0,82.0,0.0,16.11,-13.7,-76.22,1603848961.0
-42.44544168020272,1.8737508554648912,cape town,za,61.0,87.0,75.0,10.29,-33.93,18.42,1603849142.0
-36.23058481919237,-53.685410961957686,maldonado,uy,60.01,93.0,90.0,11.41,-34.67,-54.92,1603849187.0
-54.225789765923224,138.84696563818233,new norfolk,au,62.01,60.0,96.0,1.99,-42.78,147.06,1603849185.0
-24.870775961436948,-118.93306905659222,rikitea,pf,75.52,83.0,100.0,15.48,-23.12,-134.97,1603849184.0
55.06660893373538,172.11584892879227,nikolskoye,ru,52.0,87.0,75.0,8.95,59.7,30.79,1603849187.0
-3.2523216198710827,137.09038890658906,nabire,id,86.65,61.0,100.0,1.7,-3.37,135.48,1603849187.0
39.08641823885017,118.52598090730271,linxi,cn,58.77,27.0,65.0,6.51,39.7,118.43,1603849187.0
23.63960887818024,108.44289115687468,binzhou,cn,60.01,57.0,100.0,6.38,37.37,118.02,1603849188.0
64.5233580482325,173.94737863684804,anadyr,ru,17.6,92.0,20.0,6.71,64.75,177.48,1603849083.0
26.777451518884988,-87.14517368483884,warrington,us,79.0,88.0,90.0,9.17,30.38,-87.28,1603849188.0
-79.7848713055397,-84.00737267153802,ushuaia,ar,46.4,36.0,75.0,12.75,-54.8,-68.3,1603849154.0
-17.55214241673191,-37.2272198679984,prado,br,76.69,92.0,100.0,10.76,-17.34,-39.22,1603849188.0
60.2650788004872,103.85677107864848,vanavara,ru,21.43,92.0,100.0,12.08,60.34,102.28,1603849188.0
-38.30016574985669,9.922138878406201,cape town,za,61.0,87.0,75.0,10.29,-33.93,18.42,1603849142.0
-73.30709358138866,-8.67589595092474,cape town,za,61.0,87.0,75.0,10.29,-33.93,18.42,1603849142.0
39.84160810028689,-14.429189106244422,peniche,pt,62.01,88.0,99.0,11.01,39.36,-9.38,1603848991.0
38.15136096428378,37.18334873288407,elbistan,tr,49.17,48.0,2.0,3.85,38.21,37.2,1603849188.0
-82.13767222477168,15.596158717389727,bredasdorp,za,60.8,87.0,100.0,3.36,-34.53,20.04,1603849188.0
-37.8445360368134,-23.19279189637936,arraial do cabo,br,73.4,94.0,0.0,13.87,-22.97,-42.03,1603848962.0
-2.704399898372259,-8.133636340400784,harper,lr,77.83,86.0,70.0,5.95,4.38,-7.72,1603849189.0
-44.94778426172995,-124.9470756330651,rikitea,pf,75.52,83.0,100.0,15.48,-23.12,-134.97,1603849184.0
-47.13329705274752,125.8672577126348,esperance,au,69.8,68.0,40.0,16.11,-33.87,121.9,1603848960.0
27.461917968468384,-85.1460189066041,seminole,us,78.01,83.0,1.0,5.82,28.71,-81.21,1603849189.0
39.685829340156346,-50.80369698902058,torbay,ca,39.0,100.0,90.0,10.29,47.67,-52.73,1603848914.0
-55.626825691974524,-11.507846195173045,cape town,za,61.0,87.0,75.0,10.29,-33.93,18.42,1603849142.0
29.979176823088082,95.70604935714437,pasighat,in,76.64,54.0,0.0,1.41,28.07,95.33,1603849189.0
-80.63851930487279,97.94987086514925,albany,au,64.4,68.0,75.0,8.05,-35.02,117.89,1603849185.0
-56.82657371182718,14.530211591432476,hermanus,za,60.01,91.0,98.0,3.0,-34.42,19.23,1603849189.0
0.9438174657281451,11.47276754837975,mitzic,ga,68.77,100.0,100.0,2.86,0.78,11.55,1603849189.0
30.402618768181355,179.1965966020445,butaritari,ki,81.09,66.0,22.0,4.29,3.07,172.79,1603849189.0
2.5786551350440305,44.29196192030156,wanlaweyn,so,77.97,82.0,97.0,5.59,2.62,44.89,1603849189.0
-79.42433001104548,1.04265313501719,hermanus,za,60.01,91.0,98.0,3.0,-34.42,19.23,1603849189.0
-36.002684158769604,131.66036806063283,flinders,au,68.0,73.0,98.0,3.0,-34.58,150.86,1603849190.0
-45.76386171684093,10.78682445460521,cape town,za,61.0,87.0,75.0,10.29,-33.93,18.42,1603849142.0
-37.862355034259075,-179.9805199429354,vaini,to,77.0,78.0,75.0,16.11,-21.2,-175.2,1603849184.0
69.24197431267089,-91.0550209846451,thompson,ca,21.2,67.0,75.0,10.29,55.74,-97.86,1603849190.0
81.92590806084604,163.1873196606458,cherskiy,ru,15.03,93.0,100.0,8.12,68.75,161.3,1603849190.0
-51.35808194732115,-126.96554113021172,rikitea,pf,75.52,83.0,100.0,15.48,-23.12,-134.97,1603849184.0
-51.51140896047755,-68.55908186874548,rio gallegos,ar,50.0,34.0,0.0,10.29,-51.62,-69.22,1603849190.0
-11.376498139209886,172.79626409651854,sola,vu,80.46,76.0,0.0,15.99,-13.88,167.55,1603849190.0
38.747280422609606,-36.43781193343142,ribeira grande,pt,62.76,61.0,100.0,4.09,38.52,-28.7,1603849190.0
-7.01132934500464,24.697107978698057,kaniama,cd,65.32,95.0,79.0,1.7,-7.57,24.18,1603849190.0
-52.79675088419114,-85.50877838771811,punta arenas,cl,42.8,75.0,0.0,26.4,-53.15,-70.92,1603849191.0
53.6235666928917,-90.1308411740559,sioux lookout,ca,26.6,92.0,90.0,12.75,50.1,-91.92,1603849191.0
-68.26670725555687,-140.93113783172993,rikitea,pf,75.52,83.0,100.0,15.48,-23.12,-134.97,1603849184.0
-89.01617633759541,-30.412880222199334,ushuaia,ar,46.4,36.0,75.0,12.75,-54.8,-68.3,1603849154.0
65.41184086077081,-16.811403464591564,husavik,is,35.6,80.0,90.0,6.93,66.04,-17.34,1603848966.0
8.50521759795106,-167.64542791150274,kapaa,us,80.6,69.0,75.0,6.93,22.08,-159.32,1603849191.0
-59.554748089556284,-68.11382984026775,ushuaia,ar,46.4,36.0,75.0,12.75,-54.8,-68.3,1603849154.0
-2.8157646202134003,-37.92892432241405,caucaia,br,80.6,78.0,0.0,8.05,-3.74,-38.65,1603849191.0
-5.939395791393295,-113.90744898886331,puerto ayora,ec,68.0,94.0,100.0,3.0,-0.74,-90.35,1603849020.0
-8.676503907928463,138.90286622215433,merauke,id,86.95,56.0,71.0,4.65,-8.47,140.33,1603849191.0
19.368208345110645,-137.9132832554643,hilo,us,80.6,74.0,90.0,4.7,19.73,-155.09,1603849191.0
-87.8370688783576,111.36048713754667,albany,au,64.4,68.0,75.0,8.05,-35.02,117.89,1603849185.0
5.871734580227397,-120.62356586106043,cabo san lucas,mx,77.0,61.0,75.0,6.93,22.89,-109.91,1603849102.0
-68.74160910910476,-55.60549903178587,ushuaia,ar,46.4,36.0,75.0,12.75,-54.8,-68.3,1603849154.0
-40.09283259851845,93.67632712314884,busselton,au,63.0,72.0,25.0,1.99,-33.65,115.33,1603848956.0
1.2611546242119687,-127.12295212175323,atuona,pf,78.67,74.0,0.0,19.13,-9.8,-139.03,1603849192.0
88.70547028324395,-154.50876735484547,barrow,us,30.2,74.0,40.0,21.92,71.29,-156.79,1603849192.0
85.15670554182509,121.179318612673,saskylakh,ru,5.85,93.0,100.0,13.18,71.92,114.08,1603849192.0
36.76787023132215,-154.71180188444032,kapaa,us,80.6,69.0,75.0,6.93,22.08,-159.32,1603849191.0
19.967080044759996,-84.99844177816233,cozumel,mx,82.4,88.0,75.0,17.22,20.51,-86.95,1603849192.0
-50.693534265614836,-78.24762344868442,punta arenas,cl,42.8,75.0,0.0,26.4,-53.15,-70.92,1603849191.0
-78.4263940221026,-175.0795858982045,vaini,to,77.0,78.0,75.0,16.11,-21.2,-175.2,1603849184.0
49.96269601836417,127.63973674732875,blagoveshchensk,ru,33.8,78.0,75.0,4.47,50.27,127.53,1603849042.0
57.37198647641853,72.82942338797787,tevriz,ru,18.59,94.0,100.0,12.5,57.51,72.4,1603849192.0
-77.03838509503888,-140.54995000364045,rikitea,pf,75.52,83.0,100.0,15.48,-23.12,-134.97,1603849184.0
-4.554380843023495,-30.346699156911853,nisia floresta,br,78.8,78.0,40.0,6.93,-6.09,-35.21,1603849192.0
3.159067371987476,-76.55758864915828,jamundi,co,69.8,88.0,75.0,3.36,3.26,-76.53,1603849193.0
-86.59186420327605,99.76640419959915,albany,au,64.4,68.0,75.0,8.05,-35.02,117.89,1603849185.0
-47.74440420280234,80.70278435676954,mahebourg,mu,70.0,80.0,8.0,3.0,-20.41,57.7,1603849185.0
-29.430781786367298,25.024733337882964,ritchie,za,68.0,64.0,41.0,5.82,-29.04,24.6,1603849193.0
-87.55750873323005,170.08765748262454,bluff,nz,59.0,69.0,45.0,7.0,-46.6,168.33,1603849193.0
-89.31178663064884,95.91148152304908,albany,au,64.4,68.0,75.0,8.05,-35.02,117.89,1603849185.0
-27.77861561257336,38.04870216233945,inhambane,mz,71.67,90.0,2.0,7.36,-23.86,35.38,1603849186.0
49.288906471446666,-146.09136712467122,kodiak,us,46.4,45.0,1.0,20.8,57.79,-152.41,1603849193.0
-48.90809953530596,-125.69503061387479,rikitea,pf,75.52,83.0,100.0,15.48,-23.12,-134.97,1603849184.0
-84.9172942126932,-175.6493145994383,vaini,to,77.0,78.0,75.0,16.11,-21.2,-175.2,1603849184.0
-9.688754697153044,-123.82051367586998,atuona,pf,78.67,74.0,0.0,19.13,-9.8,-139.03,1603849192.0
-34.30772688643595,-124.29902568519861,rikitea,pf,75.52,83.0,100.0,15.48,-23.12,-134.97,1603849184.0
10.863056765046622,-24.52184536159251,sao filipe,cv,80.96,73.0,80.0,3.83,14.9,-24.5,1603849193.0
-85.86042999475987,130.17369819097985,new norfolk,au,62.01,60.0,96.0,1.99,-42.78,147.06,1603849185.0
-53.407268149283055,-21.635519136875416,arraial do cabo,br,73.4,94.0,0.0,13.87,-22.97,-42.03,1603848962.0
76.8997446615746,-129.68016351815396,tuktoyaktuk,ca,10.4,92.0,90.0,12.75,69.45,-133.04,1603849185.0
-43.89997054039491,-166.37027120865613,avarua,ck,73.4,78.0,100.0,6.93,-21.21,-159.78,1603849194.0
1.9238861788627446,63.67752264267412,kudahuvadhoo,mv,82.98,76.0,86.0,14.83,2.67,72.89,1603849194.0
62.43647402634201,11.138638210822563,os,no,33.8,100.0,92.0,2.24,62.5,11.22,1603849194.0
-37.251310355462664,168.06056056226487,ahipara,nz,68.95,65.0,25.0,3.44,-35.17,173.17,1603849194.0
23.001074024366304,115.65750127895706,donghai,cn,78.01,70.0,80.0,3.0,22.95,115.64,1603849194.0
-56.65476636342699,127.2528512974597,mount gambier,au,66.2,55.0,0.0,5.82,-37.83,140.77,1603849194.0
-47.114676102555244,-4.355765474290507,cape town,za,61.0,87.0,75.0,10.29,-33.93,18.42,1603849142.0
55.99116572346358,132.16358697871192,tokur,ru,30.96,93.0,100.0,2.17,53.13,132.9,1603849194.0
-24.695071039557973,10.210776740244825,walvis bay,na,59.0,82.0,100.0,4.7,-22.96,14.51,1603849194.0
-77.85543125765855,-135.35891063348245,rikitea,pf,75.52,83.0,100.0,15.48,-23.12,-134.97,1603849184.0
-9.149204680006989,13.50686023598223,luanda,ao,75.2,94.0,75.0,5.82,-8.84,13.23,1603849195.0
22.921821390865304,154.70433400593384,hasaki,jp,68.0,77.0,75.0,3.36,35.73,140.83,1603849195.0
49.08976974552556,-144.6054534712228,kodiak,us,46.4,45.0,1.0,20.8,57.79,-152.41,1603849193.0
27.19147657799924,-150.34175891633632,kahului,us,84.2,66.0,75.0,2.37,20.89,-156.47,1603849195.0
23.42156625455236,-10.741077698480979,atar,mr,81.68,23.0,21.0,10.42,20.52,-13.05,1603849195.0
31.036424090083003,-63.389124437748634,saint george,bm,79.0,100.0,40.0,5.82,32.38,-64.68,1603849195.0
-36.289700612471464,0.5489824199624991,luderitz,na,56.3,80.0,0.0,10.8,-26.65,15.16,1603849195.0
63.08536591404291,-109.47462377977827,yellowknife,ca,17.6,61.0,90.0,4.7,62.46,-114.35,1603849195.0
-78.74343948893431,170.2048816355894,bluff,nz,59.0,69.0,45.0,7.0,-46.6,168.33,1603849193.0
31.861397305818457,-93.67088994368281,natchitoches,us,64.4,93.0,90.0,8.05,31.77,-93.13,1603849195.0
-67.01954464479464,-32.16802207672052,ushuaia,ar,46.4,36.0,75.0,12.75,-54.8,-68.3,1603849154.0
-84.60748371433318,-115.6002821458004,punta arenas,cl,42.8,75.0,0.0,26.4,-53.15,-70.92,1603849191.0
18.114599199377338,132.46046874666752,alugan,ph,85.26,69.0,0.0,4.45,12.22,125.48,1603849196.0
-48.626713142739376,-41.73921760155514,rocha,uy,58.26,93.0,100.0,9.57,-34.48,-54.33,1603849196.0
-19.154560615694493,-152.8103603536591,tevaitoa,pf,80.37,81.0,29.0,20.04,-16.78,-151.5,1603849196.0
-68.31686437428365,73.18510661817206,saint-philippe,re,69.8,64.0,0.0,5.82,-21.36,55.77,1603849196.0
-62.34598720163838,102.1200273463325,albany,au,64.4,68.0,75.0,8.05,-35.02,117.89,1603849185.0
57.161396960359326,-25.103665208453066,grindavik,is,39.2,55.0,0.0,26.4,63.84,-22.43,1603849196.0
19.373921403166065,-150.01823993855194,hilo,us,80.6,74.0,90.0,4.7,19.73,-155.09,1603849191.0
65.47296214464427,68.11701373500867,aksarka,ru,3.16,92.0,85.0,6.49,66.56,67.8,1603849196.0
-76.1570433529087,53.29933236801011,east london,za,66.87,75.0,50.0,16.22,-33.02,27.91,1603848961.0
12.854957846466775,165.86238041394836,butaritari,ki,81.09,66.0,22.0,4.29,3.07,172.79,1603849189.0
3.318766284670744,-120.08616082414007,cabo san lucas,mx,77.0,61.0,75.0,6.93,22.89,-109.91,1603849102.0
-58.90813288418342,-134.81978924060536,rikitea,pf,75.52,83.0,100.0,15.48,-23.12,-134.97,1603849184.0
9.484563474869319,-96.85582243059417,pochutla,mx,77.0,78.0,75.0,1.88,15.74,-96.47,1603849197.0
-42.656826726330465,-20.32008407229958,arraial do cabo,br,73.4,94.0,0.0,13.87,-22.97,-42.03,1603848962.0
-56.199029441823924,78.18055034643339,souillac,mu,70.0,80.0,4.0,3.0,-20.52,57.52,1603849197.0
62.97954676183136,43.93172710042714,rochegda,ru,41.67,94.0,100.0,9.04,62.8,43.25,1603849197.0
51.61324658906122,-144.45266464115633,kodiak,us,46.4,45.0,1.0,20.8,57.79,-152.41,1603849193.0
64.03486741557813,-61.873203183716285,pangnirtung,ca,8.49,76.0,0.0,4.27,66.15,-65.71,1603849197.0
-60.6171967430714,120.49751715123756,albany,au,64.4,68.0,75.0,8.05,-35.02,117.89,1603849185.0
-68.78231219020209,73.00783521859492,saint-philippe,re,69.8,64.0,0.0,5.82,-21.36,55.77,1603849196.0
59.4565680033096,-101.86678100274344,flin flon,ca,25.88,98.0,100.0,6.87,54.77,-101.86,1603849197.0
40.55909676766905,-82.4042905493132,mount vernon,us,57.2,58.0,90.0,6.93,40.91,-73.84,1603849003.0
-50.80263803671154,-63.300695039262365,rio gallegos,ar,50.0,34.0,0.0,10.29,-51.62,-69.22,1603849190.0
-35.79496832172662,-95.55544202749594,lebu,cl,50.86,85.0,100.0,11.72,-37.62,-73.65,1603849198.0
-37.71906689003535,-167.42576158335189,avarua,ck,73.4,78.0,100.0,6.93,-21.21,-159.78,1603849194.0
-14.256002614359161,-87.14884525493538,huarmey,pe,63.79,86.0,92.0,6.44,-10.07,-78.15,1603848964.0
61.81576198701222,46.9718990912871,solvychegodsk,ru,38.21,93.0,100.0,9.17,61.33,46.92,1603849198.0
48.7137212483311,-17.87265243481147,dingle,ie,49.75,70.0,100.0,29.35,52.14,-10.27,1603849198.0
-14.640836009929231,-8.876544122580242,jamestown,sh,60.73,97.0,26.0,16.84,-15.94,-5.72,1603849198.0
-14.099345023436115,-44.35699769862896,carinhanha,br,73.6,80.0,43.0,5.61,-14.3,-43.77,1603849198.0
31.086066633015335,-58.17269753691451,saint george,bm,79.0,100.0,40.0,5.82,32.38,-64.68,1603849195.0
36.10356091203765,-71.46166126125284,brigantine,us,60.01,93.0,90.0,3.65,39.41,-74.36,1603849198.0
-40.85103416572315,137.1336382136252,mount gambier,au,66.2,55.0,0.0,5.82,-37.83,140.77,1603849194.0
-40.569035052661505,102.04176528716738,busselton,au,63.0,72.0,25.0,1.99,-33.65,115.33,1603848956.0
82.83980487018474,18.051502362250403,longyearbyen,sj,30.2,80.0,75.0,3.36,78.22,15.64,1603849198.0
1.8439643844983067,66.4663316551351,kudahuvadhoo,mv,82.98,76.0,86.0,14.83,2.67,72.89,1603849194.0
-65.84210766764738,86.48384869943925,busselton,au,63.0,72.0,25.0,1.99,-33.65,115.33,1603848956.0
-39.907502841454445,-173.2526118514562,vaini,to,77.0,78.0,75.0,16.11,-21.2,-175.2,1603849184.0
-27.71217949872092,-98.65988357606405,pisco,pe,64.0,82.0,0.0,16.11,-13.7,-76.22,1603848961.0
-3.511653167517835,60.567985469767024,victoria,sc,81.36,74.0,22.0,8.84,-4.62,55.45,1603849199.0
6.999837229243056,57.67631360205763,bandarbeyla,so,74.55,81.0,10.0,3.65,9.49,50.81,1603849199.0
-59.13722225369951,-2.5527091923782734,cape town,za,61.0,87.0,75.0,10.29,-33.93,18.42,1603849142.0
-9.143797696873847,89.98494778099297,padang,id,84.34,60.0,23.0,3.04,-0.95,100.35,1603849199.0
33.31179586702376,-23.656258686429055,vila franca do campo,pt,64.4,59.0,75.0,6.93,37.72,-25.43,1603849199.0
-69.7357974464392,87.6151349792737,busselton,au,63.0,72.0,25.0,1.99,-33.65,115.33,1603848956.0
-49.594541514962934,-69.65999327799301,rio gallegos,ar,50.0,34.0,0.0,10.29,-51.62,-69.22,1603849190.0
38.01396816963441,118.28960291890087,dongying,cn,61.45,30.0,99.0,6.44,37.46,118.49,1603849199.0
-56.201374121055515,78.95196697004769,mahebourg,mu,70.0,80.0,8.0,3.0,-20.41,57.7,1603849185.0
-5.887119916646313,52.276085825916226,victoria,sc,81.36,74.0,22.0,8.84,-4.62,55.45,1603849199.0
-25.67791908351097,-133.72816629650725,rikitea,pf,75.52,83.0,100.0,15.48,-23.12,-134.97,1603849184.0
-85.41574433976825,-82.63144017850645,ushuaia,ar,46.4,36.0,75.0,12.75,-54.8,-68.3,1603849154.0
-44.17553547165369,147.9716989038941,hobart,au,62.01,62.0,75.0,9.17,-42.88,147.33,1603848973.0
4.486820997837185,94.14376814225284,banda aceh,id,83.66,65.0,99.0,13.8,5.56,95.32,1603849200.0
-51.62275065170597,18.282496254386018,bredasdorp,za,60.8,87.0,100.0,3.36,-34.53,20.04,1603849188.0
-65.8077290226214,26.793073195792743,kruisfontein,za,57.0,96.0,34.0,1.01,-34.0,24.73,1603849200.0
44.72959537486156,-46.14872571165253,torbay,ca,39.0,100.0,90.0,10.29,47.67,-52.73,1603848914.0
65.20588342013556,-88.63282899626583,thompson,ca,21.2,67.0,75.0,10.29,55.74,-97.86,1603849190.0
-39.424267755446316,-20.98864149050823,arraial do cabo,br,73.4,94.0,0.0,13.87,-22.97,-42.03,1603848962.0
51.4027788308274,171.2402733071204,nikolskoye,ru,52.0,87.0,75.0,8.95,59.7,30.79,1603849187.0
-68.81228655381446,161.35662998614822,bluff,nz,59.0,69.0,45.0,7.0,-46.6,168.33,1603849193.0
-78.65674590974285,-167.79587790873975,vaini,to,77.0,78.0,75.0,16.11,-21.2,-175.2,1603849184.0
37.86072642730467,118.72564432413304,dongying,cn,61.45,30.0,99.0,6.44,37.46,118.49,1603849199.0
-29.439032461489234,-124.63699936710304,rikitea,pf,75.52,83.0,100.0,15.48,-23.12,-134.97,1603849184.0
-74.6686726427625,143.97170425667133,hobart,au,62.01,62.0,75.0,9.17,-42.88,147.33,1603848973.0
-83.07291127042845,-53.38528248255244,ushuaia,ar,46.4,36.0,75.0,12.75,-54.8,-68.3,1603849154.0
60.63509984434356,-145.07463458500774,palmer,us,48.99,89.0,100.0,3.65,42.16,-72.33,1603849186.0
28.239530783400966,19.76869861796689,awjilah,ly,69.73,41.0,0.0,10.98,29.11,21.29,1603849200.0
-77.20417115313609,21.347720792257036,bredasdorp,za,60.8,87.0,100.0,3.36,-34.53,20.04,1603849188.0
-46.439531412694144,78.33964168783484,mahebourg,mu,70.0,80.0,8.0,3.0,-20.41,57.7,1603849185.0
88.19199636429076,81.61698812519785,dikson,ru,4.95,95.0,99.0,17.47,73.51,80.55,1603849186.0
-55.856481439612395,25.915973134294944,kruisfontein,za,57.0,96.0,34.0,1.01,-34.0,24.73,1603849200.0
50.624923345611734,-96.5537384700101,gimli,ca,33.01,98.0,100.0,3.0,50.63,-96.99,1603849201.0
-21.676192585635434,-34.053491594777284,vila velha,br,77.0,88.0,90.0,11.41,-20.33,-40.29,1603849201.0
-74.52746675848273,-124.23401797685906,rikitea,pf,75.52,83.0,100.0,15.48,-23.12,-134.97,1603849184.0
22.626316769044067,74.5069860024984,ranapur,in,70.09,44.0,0.0,3.42,22.65,74.53,1603849201.0
-1.0994118211382329,-151.11244906022804,atuona,pf,78.67,74.0,0.0,19.13,-9.8,-139.03,1603849192.0
72.7171475956946,-100.53261969031483,thompson,ca,21.2,67.0,75.0,10.29,55.74,-97.86,1603849190.0
18.21654227372572,133.70051474279194,nishihara,jp,80.6,57.0,20.0,12.75,26.18,127.76,1603849201.0
-9.207008083273195,-123.57684051626624,atuona,pf,78.67,74.0,0.0,19.13,-9.8,-139.03,1603849192.0
-40.77772520141136,2.1311088081371565,saldanha,za,59.0,87.0,100.0,2.24,-33.01,17.94,1603849202.0
46.037996418380175,-173.33138172002893,provideniya,ru,32.0,95.0,75.0,6.71,64.38,-173.3,1603849202.0
-50.65442612586916,22.194776458326544,bredasdorp,za,60.8,87.0,100.0,3.36,-34.53,20.04,1603849188.0
34.13326295660693,141.29981491675488,katsuura,jp,66.0,68.0,75.0,4.7,35.13,140.3,1603849202.0
-21.42207712897813,-90.1317869211033,pisco,pe,64.0,82.0,0.0,16.11,-13.7,-76.22,1603848961.0
65.88759575440608,-31.876148294657668,tasiilaq,gl,33.8,37.0,100.0,19.46,65.61,-37.64,1603848966.0
-30.19172037263123,-97.57686192678281,lebu,cl,50.86,85.0,100.0,11.72,-37.62,-73.65,1603849198.0
21.914938147208062,-40.41235911031117,ponta do sol,cv,78.8,78.0,75.0,20.8,17.2,-25.09,1603849187.0
78.36375418510514,17.396562549707,longyearbyen,sj,30.2,80.0,75.0,3.36,78.22,15.64,1603849198.0
72.83157943542264,80.99919196365045,dikson,ru,4.95,95.0,99.0,17.47,73.51,80.55,1603849186.0
-53.405079363967346,-99.84730266324446,castro,cl,48.0,93.0,90.0,8.05,-42.47,-73.77,1603849186.0
11.749488152325469,93.11277266104577,port blair,in,82.0,74.0,98.0,3.87,11.67,92.75,1603849202.0
-74.10212341070236,-96.54923405429705,punta arenas,cl,42.8,75.0,0.0,26.4,-53.15,-70.92,1603849191.0
-50.29560941853451,-61.62168763905659,comodoro rivadavia,ar,53.6,58.0,0.0,6.93,-45.87,-67.5,1603849203.0
45.019954652459546,-18.21986193492873,muros,es,57.99,86.0,100.0,1.01,42.78,-9.06,1603849203.0
53.85029420265357,-164.486553253771,bethel,us,50.0,75.0,100.0,1.48,41.37,-73.41,1603849203.0
84.63482320191582,92.18685480127971,talnakh,ru,-4.47,80.0,0.0,5.37,69.49,88.4,1603849203.0
-37.48298302926108,159.4765155280058,nelson bay,au,64.0,93.0,90.0,8.05,-32.72,152.15,1603849203.0
-66.48382628348006,73.59557422198588,saint-philippe,re,69.8,64.0,0.0,5.82,-21.36,55.77,1603849196.0
33.83427220386214,-136.97345457396537,fortuna,us,55.4,66.0,1.0,3.36,40.6,-124.16,1603849203.0
7.246528665253962,-69.05847315957402,cravo norte,co,78.55,85.0,99.0,5.99,6.3,-70.2,1603849203.0
-60.75003190097716,-108.74520586993212,punta arenas,cl,42.8,75.0,0.0,26.4,-53.15,-70.92,1603849191.0
-26.195078971164996,43.209619818583406,beloha,mg,71.73,80.0,92.0,16.11,-25.17,45.05,1603848996.0
-35.81939293695642,148.57990681291824,tumut,au,68.94,57.0,22.0,5.35,-35.3,148.22,1603848952.0
44.2870012926204,-7.313681209997725,cervo,es,60.01,86.0,46.0,1.99,43.67,-7.41,1603849204.0
56.58823831113844,-36.82369536346036,tasiilaq,gl,33.8,37.0,100.0,19.46,65.61,-37.64,1603848966.0
51.589335575580975,-7.332832553796976,dungarvan,ie,48.0,85.0,47.0,3.0,52.09,-7.63,1603849204.0
-18.69215244192314,-52.33377515215014,cassilandia,br,74.98,72.0,0.0,0.74,-19.11,-51.73,1603849204.0
70.67232098402019,148.6559366996862,chokurdakh,ru,12.97,97.0,100.0,4.65,70.63,147.92,1603849204.0
89.46623033175871,-85.09718066732312,qaanaaq,gl,12.79,81.0,93.0,13.38,77.48,-69.36,1603848962.0
8.247136226659038,43.248337505099215,jijiga,et,56.21,35.0,77.0,7.4,9.35,42.8,1603849204.0
59.934618746276186,-144.75807297170985,palmer,us,48.99,89.0,100.0,3.65,42.16,-72.33,1603849186.0
11.025356729282677,153.98363918902828,kavieng,pg,84.67,66.0,73.0,3.49,-2.57,150.8,1603849204.0
19.131427403839368,37.9555488503772,sawakin,sd,81.55,77.0,34.0,3.13,19.11,37.33,1603849205.0
-73.1851015539811,6.670048987487235,hermanus,za,60.01,91.0,98.0,3.0,-34.42,19.23,1603849189.0
-40.69483548019903,32.392649926709396,east london,za,66.87,75.0,50.0,16.22,-33.02,27.91,1603848961.0
77.23163811506848,-63.29882056633241,narsaq,gl,30.2,74.0,100.0,2.24,60.92,-46.05,1603849205.0
62.42776105173087,-173.83049019177517,provideniya,ru,32.0,95.0,75.0,6.71,64.38,-173.3,1603849202.0
-84.80036439071243,75.99565142576444,busselton,au,63.0,72.0,25.0,1.99,-33.65,115.33,1603848956.0
-82.59576592601225,-93.87567092716371,punta arenas,cl,42.8,75.0,0.0,26.4,-53.15,-70.92,1603849191.0
0.35734134898739,84.36512164949755,hambantota,lk,80.19,77.0,89.0,6.82,6.12,81.12,1603849145.0
-2.2494732343536867,-86.65922373777472,san cristobal,ec,69.03,85.0,92.0,8.97,-0.9,-89.62,1603849205.0
-71.08627867258672,151.31223350997317,hobart,au,62.01,62.0,75.0,9.17,-42.88,147.33,1603848973.0
-79.89499658207095,-99.97235906695803,punta arenas,cl,42.8,75.0,0.0,26.4,-53.15,-70.92,1603849191.0
-21.57571252797554,99.76325484088579,carnarvon,au,73.4,64.0,0.0,23.04,-24.87,113.63,1603849186.0
10.1604641978208,-126.6870645570729,cabo san lucas,mx,77.0,61.0,75.0,6.93,22.89,-109.91,1603849102.0
41.11960254932046,87.45540059955829,korla,cn,44.4,52.0,0.0,4.97,41.76,86.15,1603849205.0
-35.30070714634375,122.77402855339432,esperance,au,69.8,68.0,40.0,16.11,-33.87,121.9,1603848960.0
56.686768248626095,-43.436967954039375,nanortalik,gl,30.54,90.0,100.0,4.23,60.14,-45.24,1603849206.0
53.16315543582559,-69.53860240679177,port-cartier,ca,28.0,79.0,20.0,5.82,50.03,-66.87,1603849206.0
49.278906236270984,137.70357091590523,selikhino,ru,40.66,69.0,99.0,3.04,50.37,137.5,1603849206.0
63.114470128934414,28.787325956093127,joensuu,fi,51.01,100.0,90.0,4.7,62.6,29.76,1603849206.0
57.11219868399894,36.35065141662133,orsha,ru,43.92,84.0,87.0,11.21,56.91,36.23,1603849206.0
-20.36564521520387,178.30573321708948,isangel,vu,84.2,58.0,40.0,17.22,-19.55,169.27,1603849206.0
15.17657391745908,22.1286612282141,biltine,td,78.3,21.0,0.0,9.69,14.53,20.92,1603849206.0
-8.845745005353933,80.21091196747875,hithadhoo,mv,84.16,65.0,91.0,10.25,-0.6,73.08,1603849206.0
76.17156761711925,15.918249038085747,longyearbyen,sj,30.2,80.0,75.0,3.36,78.22,15.64,1603849198.0
65.65973414080463,-120.5024181999369,norman wells,ca,12.2,92.0,20.0,5.82,65.28,-126.83,1603849206.0
-21.654959396563626,57.57765054851515,souillac,mu,70.0,80.0,4.0,3.0,-20.52,57.52,1603849197.0
-23.93611166941963,-18.53522514472826,jamestown,sh,60.73,97.0,26.0,16.84,-15.94,-5.72,1603849198.0
0.696146913192635,-158.5917335109578,faanui,pf,79.65,83.0,100.0,18.72,-16.48,-151.75,1603849184.0
-38.57160150568541,-34.143384580074525,arraial do cabo,br,73.4,94.0,0.0,13.87,-22.97,-42.03,1603848962.0
-50.242684069439605,25.380340682715087,kruisfontein,za,57.0,96.0,34.0,1.01,-34.0,24.73,1603849200.0
-66.03376215614668,174.8264483386073,kaitangata,nz,55.24,58.0,15.0,8.46,-46.28,169.85,1603849207.0
-81.65622723857143,-130.08373664131906,rikitea,pf,75.52,83.0,100.0,15.48,-23.12,-134.97,1603849184.0
46.14191842723875,40.62542785941653,novopokrovskaya,ru,57.0,67.0,65.0,18.5,45.95,40.7,1603849207.0
0.230024000192941,-10.314239101214184,harper,lr,77.83,86.0,70.0,5.95,4.38,-7.72,1603849189.0
-31.743761532108273,-162.333620771961,avarua,ck,73.4,78.0,100.0,6.93,-21.21,-159.78,1603849194.0
74.33412142202033,-33.788069547729094,tasiilaq,gl,33.8,37.0,100.0,19.46,65.61,-37.64,1603848966.0
43.66925850520727,109.7516114356992,erenhot,cn,40.15,50.0,0.0,5.28,43.65,111.98,1603849207.0
-76.41439390177456,126.76470497938789,new norfolk,au,62.01,60.0,96.0,1.99,-42.78,147.06,1603849185.0
-25.994767823447447,-138.29001577128813,rikitea,pf,75.52,83.0,100.0,15.48,-23.12,-134.97,1603849184.0
76.24267937602451,157.29789399402426,cherskiy,ru,15.03,93.0,100.0,8.12,68.75,161.3,1603849190.0
37.89092870395906,-161.98073574360626,kapaa,us,80.6,69.0,75.0,6.93,22.08,-159.32,1603849191.0
39.12871165565443,-139.82583537060404,fortuna,us,55.4,66.0,1.0,3.36,40.6,-124.16,1603849203.0
26.599735483147498,158.75651648904432,hasaki,jp,68.0,77.0,75.0,3.36,35.73,140.83,1603849195.0
-7.750132232338316,-87.7630466271217,san cristobal,ec,69.03,85.0,92.0,8.97,-0.9,-89.62,1603849205.0
-32.566180328800286,-4.502758044204796,jamestown,sh,60.73,97.0,26.0,16.84,-15.94,-5.72,1603849198.0
-40.73933924147955,170.03335584289607,westport,nz,57.27,75.0,100.0,2.19,-41.75,171.6,1603849208.0
43.86892251069253,-61.33500928602453,port hawkesbury,ca,41.0,74.0,75.0,9.17,45.62,-61.35,1603849208.0
65.5307846598028,65.66357664231742,muzhi,ru,10.45,96.0,99.0,5.23,65.37,64.67,1603849208.0
68.96432153988479,-15.430803963546992,husavik,is,35.6,80.0,90.0,6.93,66.04,-17.34,1603848966.0
-71.81875050806259,29.85856702900955,port elizabeth,za,62.6,82.0,0.0,14.99,-33.92,25.57,1603849208.0
-89.37501916009488,113.98117160533053,albany,au,64.4,68.0,75.0,8.05,-35.02,117.89,1603849185.0
59.19119618936389,-59.3614178101151,saint-augustin,ca,30.24,90.0,28.0,5.66,51.23,-58.65,1603848962.0
-67.62547684837803,50.5727398873108,east london,za,66.87,75.0,50.0,16.22,-33.02,27.91,1603848961.0
23.21098805189692,1.4623264416601671,tessalit,ml,76.05,19.0,0.0,7.81,20.2,1.01,1603849209.0
-40.611947279378505,129.99814121011326,port lincoln,au,65.08,57.0,0.0,7.49,-34.73,135.87,1603849209.0
19.984564297434417,98.31764571539384,mae hong son,th,79.63,66.0,100.0,1.52,19.3,97.97,1603849209.0
-41.476037122892215,-103.42225886508226,ancud,cl,48.0,93.0,90.0,8.05,-41.87,-73.82,1603849209.0
-47.084521283894716,115.9973112985677,albany,au,64.4,68.0,75.0,8.05,-35.02,117.89,1603849185.0
81.11912993251781,109.91223247248882,saskylakh,ru,5.85,93.0,100.0,13.18,71.92,114.08,1603849192.0
-1.1131327263199466,-98.87868019796517,puerto ayora,ec,68.0,94.0,100.0,3.0,-0.74,-90.35,1603849020.0
-49.500683095289794,-7.334138093142315,cape town,za,61.0,87.0,75.0,10.29,-33.93,18.42,1603849142.0
69.14223177000724,25.597784033886512,karasjok,no,30.2,100.0,100.0,17.22,69.47,25.51,1603849209.0
-84.35053893610015,-135.89964278676337,rikitea,pf,75.52,83.0,100.0,15.48,-23.12,-134.97,1603849184.0
19.846801895724937,113.57289317559525,zhuhai,cn,80.01,73.0,20.0,9.17,22.28,113.57,1603849209.0
-88.86076428162698,-31.509637760289735,ushuaia,ar,46.4,36.0,75.0,12.75,-54.8,-68.3,1603849154.0
-29.830498524617468,-138.70486086913027,rikitea,pf,75.52,83.0,100.0,15.48,-23.12,-134.97,1603849184.0
38.522452033427015,-97.89604682365217,salina,us,35.6,59.0,90.0,4.7,38.84,-97.61,1603849032.0
-80.76741283921288,-129.73919909364434,rikitea,pf,75.52,83.0,100.0,15.48,-23.12,-134.97,1603849184.0
64.64311220961659,-29.813350730982563,olafsvik,is,39.04,72.0,100.0,17.98,64.89,-23.71,1603849210.0
-83.32238638697409,173.1365441097788,bluff,nz,59.0,69.0,45.0,7.0,-46.6,168.33,1603849193.0
0.17076257242790405,-111.9504071765271,lazaro cardenas,mx,80.2,86.0,20.0,7.02,17.96,-102.2,1603849210.0
-32.905710995851294,-163.19534479100264,avarua,ck,73.4,78.0,100.0,6.93,-21.21,-159.78,1603849194.0
55.22477396143978,-126.29240942230365,houston,ca,37.4,100.0,90.0,2.24,54.4,-126.67,1603848981.0
-57.42898979776865,33.157472660359645,port alfred,za,62.76,88.0,69.0,11.95,-33.59,26.89,1603849210.0
-78.80152293362012,-77.21353900610147,ushuaia,ar,46.4,36.0,75.0,12.75,-54.8,-68.3,1603849154.0
43.4816275347695,-46.9070838835967,torbay,ca,39.0,100.0,90.0,10.29,47.67,-52.73,1603848914.0
-77.59937845352542,81.75614155848609,busselton,au,63.0,72.0,25.0,1.99,-33.65,115.33,1603848956.0
-82.49512220795803,-45.18013205211503,ushuaia,ar,46.4,36.0,75.0,12.75,-54.8,-68.3,1603849154.0
63.73557810804712,38.003060673068205,onega,ru,45.84,92.0,100.0,11.77,63.91,38.14,1603848987.0
23.487299553462165,-115.13497826796763,constitucion,mx,69.8,28.0,5.0,11.41,23.99,-104.67,1603849211.0
-15.515250204347424,67.36454481676648,quatre cocos,mu,70.0,80.0,16.0,1.99,-20.21,57.76,1603848979.0
0.6109403957794655,111.13773087199161,sri aman,my,84.2,79.0,40.0,3.36,1.24,111.46,1603849211.0
30.78985685944403,-83.98266857816905,thomasville,us,60.8,100.0,1.0,4.68,35.88,-80.08,1603849211.0
-62.668341687129626,123.01550322860999,albany,au,64.4,68.0,75.0,8.05,-35.02,117.89,1603849185.0
27.379403475120085,41.89341403925863,buraydah,sa,60.8,36.0,0.0,3.36,26.33,43.98,1603849211.0
71.3148579921687,-172.48670868201677,lavrentiya,ru,29.16,90.0,47.0,8.48,65.58,-171.0,1603849211.0
37.29517230776702,90.0754229176784,korla,cn,44.4,52.0,0.0,4.97,41.76,86.15,1603849205.0
21.322203455988898,90.1341855686041,mathbaria,bd,78.01,80.0,0.0,5.82,22.29,89.96,1603849211.0
-15.634723722100986,13.782696405340914,lubango,ao,59.43,84.0,6.0,3.13,-14.92,13.49,1603849038.0
-9.670549716683198,116.74727390631625,praya,id,83.61,69.0,100.0,9.84,-8.71,116.27,1603849211.0
15.948339102949518,73.59517113144594,vengurla,in,77.05,76.0,0.0,4.74,15.87,73.63,1603849212.0
18.286769594364188,49.34909737401989,salalah,om,75.2,53.0,20.0,2.24,17.02,54.09,1603849212.0
-44.667783301431456,108.94860337231523,busselton,au,63.0,72.0,25.0,1.99,-33.65,115.33,1603848956.0
70.42867225883859,-126.85498535613812,norman wells,ca,12.2,92.0,20.0,5.82,65.28,-126.83,1603849206.0
-58.69912174723393,49.427033551680495,east london,za,66.87,75.0,50.0,16.22,-33.02,27.91,1603848961.0
-38.286739943482765,107.63318768179596,busselton,au,63.0,72.0,25.0,1.99,-33.65,115.33,1603848956.0
10.496814819663683,-2.7365230775673695,wa,gh,75.06,45.0,13.0,0.76,10.06,-2.5,1603849212.0
-2.531176825017539,-129.96920386982237,atuona,pf,78.67,74.0,0.0,19.13,-9.8,-139.03,1603849192.0
45.04904208333846,55.65313000835445,beyneu,kz,28.13,91.0,0.0,5.57,45.32,55.2,1603849212.0
69.39270464550319,-78.91153141916377,clyde river,ca,10.4,66.0,1.0,6.93,70.47,-68.59,1603848957.0
63.710032153534456,35.23696273983197,nadvoitsy,ru,48.87,92.0,100.0,11.48,63.87,34.32,1603849212.0
69.2757687640476,167.45323497342412,bilibino,ru,6.1,91.0,100.0,1.74,68.05,166.44,1603849212.0
-6.319921408739134,93.5478521764291,padang,id,84.34,60.0,23.0,3.04,-0.95,100.35,1603849199.0
8.163068135237111,127.76772959263349,kinablangan,ph,84.76,67.0,100.0,1.83,7.69,126.55,1603849212.0
12.580218710308799,130.19411914646162,sulangan,ph,83.35,70.0,19.0,1.03,11.14,123.72,1603849213.0
44.35838542606484,139.02376902245948,iwanai,jp,57.06,49.0,0.0,4.03,42.97,140.51,1603849213.0
-20.971714490627065,-68.7443927906092,calama,cl,57.2,10.0,0.0,14.99,-22.47,-68.93,1603849213.0
73.34278556238064,-96.07402160397692,thompson,ca,21.2,67.0,75.0,10.29,55.74,-97.86,1603849190.0
86.32037189856564,-130.40285444533583,tuktoyaktuk,ca,10.4,92.0,90.0,12.75,69.45,-133.04,1603849185.0
-29.700857338446504,-28.146683644253557,sao joao da barra,br,74.52,91.0,100.0,13.6,-21.64,-41.05,1603848990.0
-12.681116369883895,-16.925209102738506,georgetown,sh,74.37,78.0,100.0,14.47,-7.93,-14.42,1603849185.0
86.1731101381358,-94.23796812322784,qaanaaq,gl,12.79,81.0,93.0,13.38,77.48,-69.36,1603848962.0
63.82310312344649,-127.83117230687253,norman wells,ca,12.2,92.0,20.0,5.82,65.28,-126.83,1603849206.0
57.14077069488599,22.534833965944642,stende,lv,48.2,93.0,75.0,9.17,57.15,22.53,1603849213.0
64.85710220955434,92.42794784175317,teya,ru,26.13,96.0,100.0,10.96,60.38,92.63,1603849213.0
87.23396791891213,96.39324532131491,khatanga,ru,-6.48,90.0,35.0,9.89,71.97,102.5,1603849213.0
11.344888040627154,68.52538892591548,kavaratti,in,81.72,75.0,89.0,7.05,10.57,72.64,1603849213.0
-27.838276689481063,-43.61890728208684,ilhabela,br,72.61,86.0,31.0,5.93,-23.78,-45.36,1603849189.0
85.89280263786938,166.54744435671506,pevek,ru,20.19,96.0,100.0,10.74,69.7,170.31,1603849214.0
62.52119646729156,-78.37238015286235,iqaluit,ca,19.4,73.0,90.0,4.7,63.75,-68.51,1603849003.0
36.4611444621754,-87.07354680318375,springfield,us,37.99,100.0,90.0,9.17,37.22,-93.3,1603849124.0
10.576582644660576,81.02914815238472,point pedro,lk,82.27,71.0,0.0,5.17,9.82,80.23,1603849214.0
75.73566205523784,147.5437801656501,chokurdakh,ru,12.97,97.0,100.0,4.65,70.63,147.92,1603849204.0
64.38325043911502,-29.34573948814952,olafsvik,is,39.04,72.0,100.0,17.98,64.89,-23.71,1603849210.0
-32.29395946516121,-179.86599588760146,vaini,to,77.0,78.0,75.0,16.11,-21.2,-175.2,1603849184.0
66.13258766652427,47.84505343098664,leshukonskoye,ru,40.14,96.0,100.0,9.66,64.9,45.76,1603849214.0
-44.151035687978066,-111.98107427379131,rikitea,pf,75.52,83.0,100.0,15.48,-23.12,-134.97,1603849184.0
-7.226853098258488,-25.528575018868025,pitimbu,br,77.0,88.0,20.0,5.82,-7.47,-34.81,1603849214.0
-79.20020278101072,129.70175600837564,new norfolk,au,62.01,60.0,96.0,1.99,-42.78,147.06,1603849185.0
-18.4252716596488,103.96919300520358,carnarvon,au,73.4,64.0,0.0,23.04,-24.87,113.63,1603849186.0
-56.234895915271764,100.66106665897973,busselton,au,63.0,72.0,25.0,1.99,-33.65,115.33,1603848956.0
84.06163033089351,-114.82797358859101,yellowknife,ca,17.6,61.0,90.0,4.7,62.46,-114.35,1603849195.0
27.242719967866122,28.193044208206032,matay,eg,66.88,78.0,0.0,12.55,28.42,30.78,1603849215.0
-69.68305288107605,91.27216218094594,busselton,au,63.0,72.0,25.0,1.99,-33.65,115.33,1603848956.0
-81.95771431838695,-116.75092284616747,punta arenas,cl,42.8,75.0,0.0,26.4,-53.15,-70.92,1603849191.0
67.79368383611074,157.01258878624094,srednekolymsk,ru,14.92,91.0,84.0,8.52,67.45,153.68,1603849215.0
-41.780793478500435,122.21398925755227,esperance,au,69.8,68.0,40.0,16.11,-33.87,121.9,1603848960.0
-11.202369392045313,118.32989237896459,waingapu,id,87.42,56.0,87.0,10.49,-9.66,120.26,1603849215.0
70.72664437716043,67.49446025009632,aksarka,ru,3.16,92.0,85.0,6.49,66.56,67.8,1603849196.0
37.55826534787745,-36.041160236362884,ribeira grande,pt,62.76,61.0,100.0,4.09,38.52,-28.7,1603849190.0
35.82237752214061,77.13628446634675,kargil,in,32.29,70.0,14.0,2.66,34.57,76.1,1603849215.0
87.55570133061227,94.7418157015718,khatanga,ru,-6.48,90.0,35.0,9.89,71.97,102.5,1603849213.0
-39.2069882018043,159.23256288216857,kiama,au,68.0,73.0,96.0,3.0,-34.68,150.87,1603849216.0
34.34478905733506,-14.530148555369124,camacha,pt,66.2,72.0,75.0,5.03,33.08,-16.33,1603849216.0
-44.71469468929116,-83.66173595793136,castro,cl,48.0,93.0,90.0,8.05,-42.47,-73.77,1603849186.0
-88.18223881403848,143.94311968694956,hobart,au,62.01,62.0,75.0,9.17,-42.88,147.33,1603848973.0
-65.62854209057534,172.5112903342361,bluff,nz,59.0,69.0,45.0,7.0,-46.6,168.33,1603849193.0
-51.760703944238365,-6.727312261813324,cape town,za,61.0,87.0,75.0,10.29,-33.93,18.42,1603849142.0
28.594484304535186,-36.085568145616435,ribeira grande,pt,62.76,61.0,100.0,4.09,38.52,-28.7,1603849190.0
-57.57036751302461,-136.0459719643305,rikitea,pf,75.52,83.0,100.0,15.48,-23.12,-134.97,1603849184.0
78.62054282652431,-166.94470916224626,barrow,us,30.2,74.0,40.0,21.92,71.29,-156.79,1603849192.0
14.871149838081806,65.09741011384565,veraval,in,76.91,48.0,0.0,8.88,20.9,70.37,1603849216.0
-62.66846361612136,-79.71717623853155,punta arenas,cl,42.8,75.0,0.0,26.4,-53.15,-70.92,1603849191.0
45.64068042393802,50.551778031911226,fort-shevchenko,kz,42.13,60.0,0.0,18.25,44.51,50.26,1603849216.0
-0.52722706420289,-43.268232094520044,cururupu,br,75.61,91.0,28.0,3.94,-1.83,-44.87,1603849216.0
-71.70971658307153,94.87912317167314,busselton,au,63.0,72.0,25.0,1.99,-33.65,115.33,1603848956.0
15.020986780289036,116.38170656485886,palauig,ph,85.1,68.0,95.0,1.19,15.44,119.9,1603849217.0
-75.0623395562281,142.43705903229397,hobart,au,62.01,62.0,75.0,9.17,-42.88,147.33,1603848973.0
-44.28120898535319,10.254282297881588,cape town,za,61.0,87.0,75.0,10.29,-33.93,18.42,1603849142.0
-51.222016057210595,161.75608840279244,tuatapere,nz,57.99,71.0,100.0,8.01,-46.13,167.68,1603849217.0
-34.427424638920264,123.797187973662,esperance,au,69.8,68.0,40.0,16.11,-33.87,121.9,1603848960.0
27.87222585526203,-176.66933236035823,kapaa,us,80.6,69.0,75.0,6.93,22.08,-159.32,1603849191.0
-64.26566130508454,-34.08025280802252,mar del plata,ar,59.0,87.0,0.0,2.24,-38.0,-57.56,1603848928.0
-47.2637652926838,156.73746320584598,hobart,au,62.01,62.0,75.0,9.17,-42.88,147.33,1603848973.0
61.210839413152456,-59.842702884204826,pangnirtung,ca,8.49,76.0,0.0,4.27,66.15,-65.71,1603849197.0
-42.36024154174042,93.77241995811579,busselton,au,63.0,72.0,25.0,1.99,-33.65,115.33,1603848956.0
66.64630763089423,44.86467371052595,mezen,ru,40.33,96.0,100.0,10.76,65.85,44.24,1603849217.0
17.0920491409956,177.6630702260499,butaritari,ki,81.09,66.0,22.0,4.29,3.07,172.79,1603849189.0
-31.358886147973237,118.9558576680135,northam,au,70.0,60.0,75.0,8.05,-31.67,116.67,1603849217.0
14.029696948489516,-107.64704954156167,san patricio,mx,86.0,74.0,40.0,6.53,19.22,-104.7,1603849218.0
65.45273921430802,95.28161368808463,baykit,ru,14.59,92.0,100.0,14.32,61.67,96.37,1603849218.0
16.379919777003124,-82.49252257755053,iralaya,hn,80.38,86.0,100.0,8.61,15.0,-83.23,1603849218.0
-31.700361597170506,-91.09550290804235,lebu,cl,50.86,85.0,100.0,11.72,-37.62,-73.65,1603849198.0
-0.021854884482721104,-28.03968101649474,touros,br,78.8,83.0,40.0,6.93,-5.2,-35.46,1603849110.0
46.897266416470075,84.72252562490894,zaysan,kz,45.0,51.0,100.0,3.29,47.47,84.87,1603849218.0
70.6857151293803,-71.87101826299981,clyde river,ca,10.4,66.0,1.0,6.93,70.47,-68.59,1603848957.0
-12.790776362566618,91.11623865248015,bengkulu,id,83.41,65.0,77.0,1.59,-3.8,102.27,1603849187.0
-43.38288617608724,84.31446019150593,busselton,au,63.0,72.0,25.0,1.99,-33.65,115.33,1603848956.0
60.1687159147786,18.709315022745756,norrtalje,se,48.99,84.0,19.0,5.99,59.76,18.7,1603849034.0
27.84610661375895,-102.50197333618489,ocampo,mx,61.27,53.0,56.0,9.44,21.65,-101.5,1603849218.0
49.7701107966586,-146.54745643724362,kodiak,us,46.4,45.0,1.0,20.8,57.79,-152.41,1603849193.0
-66.94634359186125,2.7683995554220644,hermanus,za,60.01,91.0,98.0,3.0,-34.42,19.23,1603849189.0
-41.91893882495153,-174.87443397613902,vaini,to,77.0,78.0,75.0,16.11,-21.2,-175.2,1603849184.0
-84.31294721993905,169.16405453658723,bluff,nz,59.0,69.0,45.0,7.0,-46.6,168.33,1603849193.0
12.809830379509293,-12.897139871205866,youkounkoun,gn,73.67,42.0,99.0,3.22,12.53,-13.13,1603849219.0
22.76419326560729,-38.96752421029018,ponta do sol,cv,78.8,78.0,75.0,20.8,17.2,-25.09,1603849187.0
20.13465803788381,108.51634707578415,lingao,cn,75.22,90.0,100.0,27.56,19.91,109.69,1603849219.0
-0.47967939004198,43.22987566451624,kismayo,so,79.2,83.0,84.0,10.27,-0.36,42.55,1603849219.0
22.11901840282657,-171.7235606194031,kapaa,us,80.6,69.0,75.0,6.93,22.08,-159.32,1603849191.0
38.6400007644946,74.46762208155695,kashi,cn,46.4,36.0,0.0,8.95,39.45,75.98,1603849219.0
60.18744743936762,-56.5703397530733,nuuk,gl,23.0,79.0,7.0,9.17,64.18,-51.72,1603848963.0
-27.2511493305963,30.136955383781185,volksrust,za,59.54,62.0,0.0,3.96,-27.37,29.88,1603849219.0
-64.15103352300176,-31.455892014517133,mar del plata,ar,59.0,87.0,0.0,2.24,-38.0,-57.56,1603848928.0
-75.2153336095127,85.342046679438,busselton,au,63.0,72.0,25.0,1.99,-33.65,115.33,1603848956.0
76.77798378105356,-61.76992956691835,upernavik,gl,15.96,78.0,0.0,5.82,72.79,-56.15,1603849220.0
-0.9996214211270598,-34.71243825142045,touros,br,78.8,83.0,40.0,6.93,-5.2,-35.46,1603849110.0
61.34168422415104,173.12060922760742,anadyr,ru,17.6,92.0,20.0,6.71,64.75,177.48,1603849083.0
60.89164443554418,97.47511057301597,baykit,ru,14.59,92.0,100.0,14.32,61.67,96.37,1603849218.0
-24.962559410991105,68.72805933339541,bambous virieux,mu,70.0,80.0,13.0,3.0,-20.34,57.76,1603849220.0
47.84072703120148,132.63114253021945,leninskoye,ru,44.82,58.0,2.0,7.05,47.94,132.62,1603849220.0
23.872504128308748,-128.92547626554594,lompoc,us,66.2,77.0,1.0,8.05,34.64,-120.46,1603849048.0
11.275331983634501,29.479504902755366,kaduqli,sd,76.32,39.0,0.0,1.9,11.02,29.72,1603849220.0
-46.928270517808194,20.925658232448853,bredasdorp,za,60.8,87.0,100.0,3.36,-34.53,20.04,1603849188.0
45.20026401888009,52.742285843964936,shetpe,kz,31.42,79.0,0.0,8.43,44.17,52.12,1603849220.0
-44.8578574210995,75.95587504816376,mahebourg,mu,70.0,80.0,8.0,3.0,-20.41,57.7,1603849185.0
11.289335449331006,177.9339491564125,butaritari,ki,81.09,66.0,22.0,4.29,3.07,172.79,1603849189.0
38.514054488505735,-76.18275151557481,cambridge,us,50.0,53.0,90.0,9.17,42.38,-71.11,1603849010.0
8.896675204287448,-75.48166939883869,sahagun,co,76.15,93.0,21.0,6.26,8.95,-75.44,1603849221.0
80.80210797743348,-64.98209134908103,narsaq,gl,30.2,74.0,100.0,2.24,60.92,-46.05,1603849205.0
46.32088489412877,70.80985341663086,atasu,kz,30.09,95.0,100.0,12.82,48.68,71.64,1603849221.0
60.81027655613099,143.30526153297097,okhotsk,ru,31.8,82.0,0.0,6.46,59.38,143.3,1603849221.0
80.6910041620749,-111.10579222307835,yellowknife,ca,17.6,61.0,90.0,4.7,62.46,-114.35,1603849195.0
-54.82386019689226,-58.83642083301791,ushuaia,ar,46.4,36.0,75.0,12.75,-54.8,-68.3,1603849154.0
71.50788979855,18.495516112095913,tromso,no,35.6,84.0,75.0,5.82,69.65,18.96,1603849221.0
15.461414321723055,-48.56644281981565,sinnamary,gf,80.08,81.0,31.0,9.42,5.38,-52.95,1603849221.0
-88.26663400811246,172.53204127108324,bluff,nz,59.0,69.0,45.0,7.0,-46.6,168.33,1603849193.0
13.230011812233514,-74.06948277867723,santa marta,co,84.0,78.0,12.0,5.99,11.24,-74.2,1603849176.0
26.307233433076703,25.584153153069337,jalu,ly,69.49,45.0,0.0,10.36,29.03,21.55,1603849221.0
22.78274260213847,128.70353117854603,itoman,jp,80.6,57.0,20.0,12.75,26.12,127.67,1603849222.0
17.28613173808924,132.1328302031974,alugan,ph,85.26,69.0,0.0,4.45,12.22,125.48,1603849196.0
-87.9348695515611,178.74816039992868,kaitangata,nz,55.24,58.0,15.0,8.46,-46.28,169.85,1603849207.0
1.375238027624789,-150.09407067616124,atuona,pf,78.67,74.0,0.0,19.13,-9.8,-139.03,1603849192.0
-22.91520054814964,-59.37208458060647,pozo colorado,py,71.85,52.0,0.0,5.55,-23.49,-58.8,1603849222.0
89.9843193256587,-72.28611282529404,qaanaaq,gl,12.79,81.0,93.0,13.38,77.48,-69.36,1603848962.0
-29.722897260529884,103.26269498308676,geraldton,au,73.4,49.0,40.0,16.11,-28.77,114.6,1603849222.0
-56.15682713018233,137.50310844347905,new norfolk,au,62.01,60.0,96.0,1.99,-42.78,147.06,1603849185.0
31.89611964039186,-119.48417992198638,rancho palos verdes,us,69.01,65.0,0.0,1.99,33.74,-118.39,1603849222.0
76.58310820669942,125.09892914481208,tiksi,ru,-3.17,90.0,1.0,13.18,71.69,128.87,1603849222.0
78.78991643101091,82.41060088192887,dikson,ru,4.95,95.0,99.0,17.47,73.51,80.55,1603849186.0
59.61784889781447,53.625157304507184,kochevo,ru,30.61,95.0,83.0,7.96,59.6,54.31,1603849223.0
-73.87415868678674,137.17362883950523,hobart,au,62.01,62.0,75.0,9.17,-42.88,147.33,1603848973.0
-48.62419808026423,108.37566902880457,busselton,au,63.0,72.0,25.0,1.99,-33.65,115.33,1603848956.0
32.478820695512766,-76.1764810565781,wilmington,us,66.2,93.0,75.0,2.1,34.23,-77.94,1603849151.0
11.436790596166986,122.29182639685087,libacao,ph,85.55,63.0,53.0,0.87,10.18,122.92,1603849223.0
60.05214704067916,-165.7796770011887,bethel,us,50.0,75.0,100.0,1.48,41.37,-73.41,1603849203.0
-82.95661203727572,-38.671833706839635,ushuaia,ar,46.4,36.0,75.0,12.75,-54.8,-68.3,1603849154.0
70.26693202481869,150.48182718185188,chokurdakh,ru,12.97,97.0,100.0,4.65,70.63,147.92,1603849204.0
-74.7333894779165,-131.16514118075276,rikitea,pf,75.52,83.0,100.0,15.48,-23.12,-134.97,1603849184.0
-9.300744276700868,144.858386814906,kerema,pg,83.05,72.0,92.0,9.22,-7.96,145.78,1603849223.0
86.46674033026744,84.57658131028126,dikson,ru,4.95,95.0,99.0,17.47,73.51,80.55,1603849186.0
-60.3433402317923,98.85468871847337,busselton,au,63.0,72.0,25.0,1.99,-33.65,115.33,1603848956.0
-70.44944371189513,11.574316729001197,hermanus,za,60.01,91.0,98.0,3.0,-34.42,19.23,1603849189.0
12.313991083449395,-26.944326832898895,sao filipe,cv,80.96,73.0,80.0,3.83,14.9,-24.5,1603849193.0
40.338126676801636,42.17128703504571,oltu,tr,53.67,38.0,100.0,3.94,40.55,42.0,1603849224.0
-61.06838060099657,-4.924688138542621,cape town,za,61.0,87.0,75.0,10.29,-33.93,18.42,1603849142.0
28.625648047023475,-10.842277317730435,tiznit,ma,61.77,59.0,92.0,0.76,29.58,-9.5,1603849224.0
20.981972427728508,151.2278552976253,katsuura,jp,66.0,68.0,75.0,4.7,35.13,140.3,1603849202.0
-1.1109040338210434,104.11464823687623,simpang,id,83.53,73.0,97.0,4.16,-1.27,104.08,1603849224.0
-38.78379630328729,142.00068674664982,portland,au,63.41,59.0,46.0,4.92,-38.33,141.6,1603849224.0
10.715295873864534,167.48481539941974,butaritari,ki,81.09,66.0,22.0,4.29,3.07,172.79,1603849189.0
58.124899883301055,93.73665361944632,kazachinskoye,ru,34.93,91.0,100.0,3.8,57.7,93.28,1603849224.0
-66.54173927705276,175.57505824990915,kaitangata,nz,55.24,58.0,15.0,8.46,-46.28,169.85,1603849207.0
-64.95117122117506,-136.06904643793735,rikitea,pf,75.52,83.0,100.0,15.48,-23.12,-134.97,1603849184.0
-67.02883388024372,163.24970083665323,bluff,nz,59.0,69.0,45.0,7.0,-46.6,168.33,1603849193.0
-38.111177328331095,158.4951825694605,nelson bay,au,64.0,93.0,90.0,8.05,-32.72,152.15,1603849203.0
-5.01601487433669,145.31027485351228,madang,pg,87.1,60.0,89.0,6.33,-5.22,145.8,1603849225.0
22.629819836613407,-84.68633855433764,mantua,cu,78.12,90.0,100.0,8.57,22.29,-84.28,1603849225.0
20.16123887171689,155.31149433025496,katsuura,jp,66.0,68.0,75.0,4.7,35.13,140.3,1603849202.0
-37.12587645168228,160.82895022056698,nelson bay,au,64.0,93.0,90.0,8.05,-32.72,152.15,1603849203.0
-78.59168061689545,160.005359847906,bluff,nz,59.0,69.0,45.0,7.0,-46.6,168.33,1603849193.0
-28.635491465563327,133.0301143464443,yulara,au,84.2,11.0,0.0,3.36,-25.24,130.99,1603849225.0
-27.648609793438517,56.88064208711222,saint-philippe,re,69.8,64.0,0.0,5.82,-21.36,55.77,1603849196.0
88.48457331288955,-66.90344589661156,qaanaaq,gl,12.79,81.0,93.0,13.38,77.48,-69.36,1603848962.0
2.0653622802205973,-134.97603642445085,atuona,pf,78.67,74.0,0.0,19.13,-9.8,-139.03,1603849192.0
-3.335332582379138,-21.791183741836818,georgetown,sh,74.37,78.0,100.0,14.47,-7.93,-14.42,1603849185.0
-3.733540677880626,-72.72620754651496,iquitos,pe,84.2,79.0,75.0,10.29,-3.75,-73.25,1603848975.0
68.69506715118814,-169.24954054976905,lavrentiya,ru,29.16,90.0,47.0,8.48,65.58,-171.0,1603849211.0
52.05304958925845,145.36517100693294,katangli,ru,41.14,69.0,66.0,1.9,51.71,143.23,1603849226.0
-4.577688215285107,79.71815771307058,hithadhoo,mv,84.16,65.0,91.0,10.25,-0.6,73.08,1603849206.0
21.99140235205911,-125.28364467969388,san quintin,mx,63.14,49.0,0.0,5.75,30.48,-115.95,1603849226.0
63.827122529050314,-59.85196836325716,pangnirtung,ca,8.49,76.0,0.0,4.27,66.15,-65.71,1603849197.0
80.05951665898073,-37.65831273121478,tasiilaq,gl,33.8,37.0,100.0,19.46,65.61,-37.64,1603848966.0
40.50260382355006,102.19141246178947,jinchang,cn,40.98,68.0,100.0,7.25,38.5,102.17,1603849226.0
42.86725731547298,-96.31857831078085,le mars,us,28.4,74.0,1.0,13.87,42.79,-96.17,1603849226.0
58.32261246103636,-160.63862608876448,bethel,us,50.0,75.0,100.0,1.48,41.37,-73.41,1603849203.0
10.517807468072846,-84.74839579364554,pocosol,cr,71.6,100.0,75.0,3.36,10.37,-84.62,1603849226.0
-53.42574322377304,19.9519487858027,bredasdorp,za,60.8,87.0,100.0,3.36,-34.53,20.04,1603849188.0
61.861308186545756,-32.13349136382402,tasiilaq,gl,33.8,37.0,100.0,19.46,65.61,-37.64,1603848966.0
68.09836487550916,150.78194631079526,zyryanka,ru,11.93,93.0,0.0,6.67,65.75,150.85,1603849226.0
14.987685294807719,-102.69872936355308,ixtapa,mx,84.2,79.0,75.0,5.82,20.7,-105.2,1603849226.0
83.54017503468245,121.0742513485713,saskylakh,ru,5.85,93.0,100.0,13.18,71.92,114.08,1603849192.0
33.93612545344192,-38.78008413398945,ribeira grande,pt,62.76,61.0,100.0,4.09,38.52,-28.7,1603849190.0
-89.38855287559275,105.18508111489717,albany,au,64.4,68.0,75.0,8.05,-35.02,117.89,1603849185.0
-10.979757956950749,-17.851113671104997,georgetown,sh,74.37,78.0,100.0,14.47,-7.93,-14.42,1603849185.0
-46.79835717462055,34.775351183836364,port alfred,za,62.76,88.0,69.0,11.95,-33.59,26.89,1603849210.0
86.95338131241684,-49.23091596871086,upernavik,gl,15.96,78.0,0.0,5.82,72.79,-56.15,1603849220.0
41.071691580849915,-86.5916426952179,plymouth,us,51.01,66.0,90.0,5.82,41.83,-70.83,1603849227.0
-1.5456138139985995,116.9101021976092,balikpapan,id,84.29,67.0,100.0,4.5,-1.27,116.83,1603849227.0
15.200077763415166,-98.7825716045669,tecoanapa,mx,80.87,84.0,71.0,5.88,16.52,-98.75,1603849227.0
44.49764545540745,-175.6566988012939,provideniya,ru,32.0,95.0,75.0,6.71,64.38,-173.3,1603849202.0
-48.05689498261146,86.408277686529,busselton,au,63.0,72.0,25.0,1.99,-33.65,115.33,1603848956.0
84.17055468990029,-81.76283903886997,qaanaaq,gl,12.79,81.0,93.0,13.38,77.48,-69.36,1603848962.0
26.493201235841028,-72.11064381230385,cockburn town,bs,82.92,78.0,10.0,19.42,24.03,-74.52,1603849227.0
-50.87281356803972,42.12126452170554,east london,za,66.87,75.0,50.0,16.22,-33.02,27.91,1603848961.0
-61.50931192735291,48.799650193460906,east london,za,66.87,75.0,50.0,16.22,-33.02,27.91,1603848961.0
14.069947835283756,61.5693751501957,salalah,om,75.2,53.0,20.0,2.24,17.02,54.09,1603849212.0
43.05502633213334,-10.158289752679565,muros,es,57.99,86.0,100.0,1.01,42.78,-9.06,1603849203.0
-13.86149921286426,-117.52804545188442,rikitea,pf,75.52,83.0,100.0,15.48,-23.12,-134.97,1603849184.0
-37.44346106471358,-36.1325990074601,laguna,br,66.13,86.0,87.0,2.08,-28.48,-48.78,1603849228.0
53.83576062853541,119.25918354176241,davenda,ru,25.23,81.0,0.0,3.49,53.56,119.32,1603849228.0
-56.345059842981655,41.87978802271141,east london,za,66.87,75.0,50.0,16.22,-33.02,27.91,1603848961.0
0.7489399182423995,69.17095117494048,thinadhoo,mv,83.97,67.0,46.0,11.3,0.53,72.93,1603849228.0
41.39358242434923,-36.95176847456446,ribeira grande,pt,62.76,61.0,100.0,4.09,38.52,-28.7,1603849190.0
15.271966769349234,-24.3812282624219,sao filipe,cv,80.96,73.0,80.0,3.83,14.9,-24.5,1603849193.0
-47.97564265330058,38.79385916658626,east london,za,66.87,75.0,50.0,16.22,-33.02,27.91,1603848961.0
-44.015652090583195,115.24534866531394,albany,au,64.4,68.0,75.0,8.05,-35.02,117.89,1603849185.0
-48.67356743884781,118.41194315124272,albany,au,64.4,68.0,75.0,8.05,-35.02,117.89,1603849185.0
-43.0902560093196,110.63244116068915,busselton,au,63.0,72.0,25.0,1.99,-33.65,115.33,1603848956.0
82.42684247642569,-130.81046057318943,tuktoyaktuk,ca,10.4,92.0,90.0,12.75,69.45,-133.04,1603849185.0
52.96270407588207,71.0059507516703,stepnyak,kz,24.15,95.0,99.0,20.74,52.83,70.78,1603849229.0
22.270357551244985,-98.82393134144573,tamuin,mx,74.23,90.0,97.0,8.63,21.98,-98.75,1603849229.0
-67.02990594763253,-49.51324327957522,ushuaia,ar,46.4,36.0,75.0,12.75,-54.8,-68.3,1603849154.0
-81.50744743037491,-8.372777386688796,hermanus,za,60.01,91.0,98.0,3.0,-34.42,19.23,1603849189.0
-13.664017230731488,169.38779649515556,sola,vu,80.46,76.0,0.0,15.99,-13.88,167.55,1603849190.0
-23.262820049064416,20.911449489533055,manyana,bw,74.73,22.0,2.0,12.75,-23.4,21.72,1603849229.0
-8.876076109720543,-20.423897652304277,georgetown,sh,74.37,78.0,100.0,14.47,-7.93,-14.42,1603849185.0
-15.337205091405181,87.53816929771943,bengkulu,id,83.41,65.0,77.0,1.59,-3.8,102.27,1603849187.0
79.70115374803206,-127.77106466096663,tuktoyaktuk,ca,10.4,92.0,90.0,12.75,69.45,-133.04,1603849185.0
42.066362463947684,-121.53480495904425,altamont,us,59.0,24.0,1.0,4.7,42.21,-121.74,1603848986.0
38.890033708407145,132.0342916680566,sakaiminato,jp,60.8,77.0,75.0,6.93,35.55,133.23,1603849229.0
-41.29715913960541,123.78891784060227,esperance,au,69.8,68.0,40.0,16.11,-33.87,121.9,1603848960.0
38.47641783013677,-79.33059431675481,staunton,us,64.0,82.0,90.0,3.47,38.15,-79.07,1603848933.0
59.49238125008344,-24.33539043994699,grindavik,is,39.2,55.0,0.0,26.4,63.84,-22.43,1603849196.0
-45.06340320840114,-55.7965201642168,necochea,ar,55.99,81.0,94.0,4.0,-38.55,-58.74,1603849230.0
-76.61877315139753,13.01210783847327,hermanus,za,60.01,91.0,98.0,3.0,-34.42,19.23,1603849189.0
-43.46493875857195,25.79490219666593,kruisfontein,za,57.0,96.0,34.0,1.01,-34.0,24.73,1603849200.0
17.285838680609814,22.385314190326085,biltine,td,78.3,21.0,0.0,9.69,14.53,20.92,1603849206.0
62.2335106505256,110.71433561979666,chernyshevskiy,ru,15.57,96.0,89.0,4.09,63.01,112.47,1603849230.0
13.601129039547743,-159.17525309172692,hilo,us,80.6,74.0,90.0,4.7,19.73,-155.09,1603849191.0
-16.95553298516475,79.20853875952292,hithadhoo,mv,84.16,65.0,91.0,10.25,-0.6,73.08,1603849206.0
-5.027218741616679,-138.98218531131172,atuona,pf,78.67,74.0,0.0,19.13,-9.8,-139.03,1603849192.0
-79.47273636148529,-10.398222966369275,cape town,za,61.0,87.0,75.0,10.29,-33.93,18.42,1603849142.0
-10.571420925592108,86.38819922794158,hithadhoo,mv,84.16,65.0,91.0,10.25,-0.6,73.08,1603849206.0
-10.331141828669786,-53.69729570485434,alta floresta,br,76.73,73.0,11.0,2.93,-9.88,-56.09,1603849230.0
-59.52160595935448,-84.1532420174459,punta arenas,cl,42.8,75.0,0.0,26.4,-53.15,-70.92,1603849191.0
60.73097836515194,139.56087003703738,solnechnyy,ru,36.63,82.0,100.0,3.0,50.72,136.63,1603849230.0
25.01510148170898,70.44007253821599,islamkot,pk,75.58,43.0,0.0,3.49,24.7,70.18,1603849231.0
66.58117200046433,-79.38247888150839,iqaluit,ca,19.4,73.0,90.0,4.7,63.75,-68.51,1603849003.0
-58.27100673282145,3.6112258390548106,cape town,za,61.0,87.0,75.0,10.29,-33.93,18.42,1603849142.0
59.867584004097836,-105.22946138128522,la ronge,ca,26.6,92.0,90.0,9.17,55.1,-105.28,1603849231.0
38.8301100189625,-127.05706058243615,fortuna,us,55.4,66.0,1.0,3.36,40.6,-124.16,1603849203.0
10.84725188319024,-176.4336098828722,kapaa,us,80.6,69.0,75.0,6.93,22.08,-159.32,1603849191.0
10.860508744621512,-3.5795397493934047,diebougou,bf,76.32,36.0,96.0,1.95,10.97,-3.25,1603849231.0
-3.902473334991882,145.1448793950936,angoram,pg,88.57,67.0,84.0,0.27,-4.06,144.07,1603849231.0
87.52689271333458,68.77272015103782,dikson,ru,4.95,95.0,99.0,17.47,73.51,80.55,1603849186.0
-26.69516938798644,143.66196413256915,roma,au,81.91,17.0,0.0,12.66,-26.58,148.78,1603849231.0
-61.59595776682737,-117.72051988308505,rikitea,pf,75.52,83.0,100.0,15.48,-23.12,-134.97,1603849184.0
23.68786529754216,99.03239924307468,lashio,mm,73.9,74.0,11.0,1.3,22.93,97.75,1603849231.0
8.282137030192118,172.17939983616526,butaritari,ki,81.09,66.0,22.0,4.29,3.07,172.79,1603849189.0
-17.478442787842667,-54.44260966001677,rondonopolis,br,80.53,74.0,100.0,1.72,-16.47,-54.64,1603849133.0
-24.758779218620333,84.85173007387607,hithadhoo,mv,84.16,65.0,91.0,10.25,-0.6,73.08,1603849206.0
88.03942097969795,147.70970323972836,chokurdakh,ru,12.97,97.0,100.0,4.65,70.63,147.92,1603849204.0
49.39187043063694,61.40713826172092,svetlyy,ru,46.4,93.0,0.0,4.47,54.67,20.13,1603849232.0
-35.70920565385019,171.60965976757802,ahipara,nz,68.95,65.0,25.0,3.44,-35.17,173.17,1603849194.0
-36.26191181223386,69.85016753791248,mahebourg,mu,70.0,80.0,8.0,3.0,-20.41,57.7,1603849185.0
0.32390824057270606,88.10946503370212,meulaboh,id,80.28,78.0,81.0,3.91,4.14,96.13,1603849232.0
-52.49275631422745,72.81850618815062,souillac,mu,70.0,80.0,4.0,3.0,-20.52,57.52,1603849197.0
54.23870347964231,96.76096539174654,toora-khem,ru,30.13,88.0,0.0,2.19,52.47,96.11,1603849232.0
-38.271230984166756,-19.176844974161725,jamestown,sh,60.73,97.0,26.0,16.84,-15.94,-5.72,1603849198.0
71.70927900117096,-81.60003170278196,clyde river,ca,10.4,66.0,1.0,6.93,70.47,-68.59,1603848957.0
76.73031776633493,-42.738480943089854,ilulissat,gl,14.0,61.0,82.0,2.48,69.22,-51.1,1603849232.0
-25.079615767998547,-31.149081029571306,vila velha,br,77.0,88.0,90.0,11.41,-20.33,-40.29,1603849201.0
-28.199248971033093,56.2870735796196,saint-joseph,re,69.8,64.0,0.0,5.82,-21.37,55.62,1603849233.0
32.46370533919118,-87.17313802985042,selma,us,69.8,36.0,1.0,4.18,36.57,-119.61,1603849233.0
-19.7677910584257,26.756085448490353,nata,bw,73.71,32.0,15.0,13.09,-20.22,26.18,1603849233.0
32.16269560980783,-88.62201173692823,meridian,us,51.8,43.0,1.0,2.8,43.61,-116.39,1603849006.0
20.29572590488317,-122.352459298182,guerrero negro,mx,64.58,32.0,0.0,18.07,27.98,-114.06,1603849233.0
41.57866645494468,-16.742184580910248,peniche,pt,62.01,88.0,99.0,11.01,39.36,-9.38,1603848991.0
-52.844407435453206,99.34066720507371,busselton,au,63.0,72.0,25.0,1.99,-33.65,115.33,1603848956.0
-51.42559423941924,-16.967481360980116,jamestown,sh,60.73,97.0,26.0,16.84,-15.94,-5.72,1603849198.0
-24.926614162015113,159.64182854836366,koumac,nc,80.31,62.0,85.0,6.73,-20.57,164.28,1603849233.0
0.36612272158679104,110.69936888724669,sri aman,my,84.2,79.0,40.0,3.36,1.24,111.46,1603849211.0
-88.0019091146684,107.67365792878712,albany,au,64.4,68.0,75.0,8.05,-35.02,117.89,1603849185.0
12.772442067650445,169.5075658956623,butaritari,ki,81.09,66.0,22.0,4.29,3.07,172.79,1603849189.0
44.878310664070284,17.65020922482927,prnjavor,ba,48.2,100.0,20.0,1.12,44.87,17.66,1603849234.0
-76.20261978228271,-38.49197240411843,ushuaia,ar,46.4,36.0,75.0,12.75,-54.8,-68.3,1603849154.0
-5.073428524216908,-135.40646327869854,atuona,pf,78.67,74.0,0.0,19.13,-9.8,-139.03,1603849192.0
0.4764724883292786,13.035436144936313,makokou,ga,69.62,98.0,100.0,2.66,0.57,12.86,1603849234.0
27.664991907257047,-35.497963781265156,ribeira grande,pt,62.76,61.0,100.0,4.09,38.52,-28.7,1603849190.0
44.0378034067773,-178.57209069821928,provideniya,ru,32.0,95.0,75.0,6.71,64.38,-173.3,1603849202.0
44.490378605823565,56.7473103199319,beyneu,kz,28.13,91.0,0.0,5.57,45.32,55.2,1603849212.0
74.74522993941093,119.76477246413458,saskylakh,ru,5.85,93.0,100.0,13.18,71.92,114.08,1603849192.0
63.63110116772674,-53.90484528583454,maniitsoq,gl,20.34,86.0,0.0,7.18,65.42,-52.9,1603849234.0
-34.25138241114751,-57.524135413314994,juan lacaze,uy,53.01,92.0,0.0,7.74,-34.43,-57.44,1603849234.0
-77.06439231606923,151.83049849740343,hobart,au,62.01,62.0,75.0,9.17,-42.88,147.33,1603848973.0
34.68620700715418,-125.88636551663124,pacific grove,us,64.0,31.0,0.0,1.01,36.62,-121.92,1603849147.0
82.63340468393989,-59.32157793726206,upernavik,gl,15.96,78.0,0.0,5.82,72.79,-56.15,1603849220.0
67.83688762956155,-58.05906774513424,sisimiut,gl,18.36,88.0,0.0,9.35,66.94,-53.67,1603849234.0
60.226077136843884,-66.48000521780462,iqaluit,ca,19.4,73.0,90.0,4.7,63.75,-68.51,1603849003.0
-85.06210094158955,22.73528155687484,bredasdorp,za,60.8,87.0,100.0,3.36,-34.53,20.04,1603849188.0
-23.76387983234926,128.1821462609186,yulara,au,84.2,11.0,0.0,3.36,-25.24,130.99,1603849225.0
66.26666713301773,77.86877144061424,urengoy,ru,-1.55,89.0,0.0,10.38,65.97,78.37,1603849235.0
-5.130813394717151,-71.41576511723932,benjamin constant,br,78.8,88.0,0.0,1.25,-4.38,-70.03,1603849235.0
71.17669042543164,45.81220353787896,kamenka,ru,33.31,84.0,1.0,10.58,51.32,42.77,1603849185.0
30.704200080066528,-27.24177198843131,ponta delgada,pt,64.4,59.0,75.0,6.93,37.73,-25.67,1603849120.0
-77.51513130100186,22.09681656331057,bredasdorp,za,60.8,87.0,100.0,3.36,-34.53,20.04,1603849188.0
77.35210825025638,-63.39744499004962,narsaq,gl,30.2,74.0,100.0,2.24,60.92,-46.05,1603849205.0
-16.960867761742563,90.74280476753233,bengkulu,id,83.41,65.0,77.0,1.59,-3.8,102.27,1603849187.0
40.213290247304116,-66.54606833681628,yarmouth,ca,46.0,81.0,90.0,3.36,43.83,-66.12,1603849235.0
30.934981851412275,-97.87618925162249,copperas cove,us,37.99,100.0,90.0,9.17,31.12,-97.9,1603849235.0
-66.20531443487849,-174.83774690137327,vaini,to,77.0,78.0,75.0,16.11,-21.2,-175.2,1603849184.0
-70.30090916582894,159.71293225081422,bluff,nz,59.0,69.0,45.0,7.0,-46.6,168.33,1603849193.0
-10.252110992615272,-57.74722082734486,alta floresta,br,76.73,73.0,11.0,2.93,-9.88,-56.09,1603849230.0
-50.49080949816683,41.25318096270726,east london,za,66.87,75.0,50.0,16.22,-33.02,27.91,1603848961.0
-41.71805760376482,19.74858249830396,bredasdorp,za,60.8,87.0,100.0,3.36,-34.53,20.04,1603849188.0
-46.146475232085876,1.5138866310726087,cape town,za,61.0,87.0,75.0,10.29,-33.93,18.42,1603849142.0
-39.338546949238,115.35015884807672,albany,au,64.4,68.0,75.0,8.05,-35.02,117.89,1603849185.0
-38.457851941312555,-179.06953505730814,vaini,to,77.0,78.0,75.0,16.11,-21.2,-175.2,1603849184.0
-58.71619076685662,-20.448581591101345,cidreira,br,62.92,88.0,100.0,13.15,-30.18,-50.21,1603849186.0
62.4104085357838,-174.65224770581696,provideniya,ru,32.0,95.0,75.0,6.71,64.38,-173.3,1603849202.0
-22.139205349086723,-71.56953736922168,tocopilla,cl,60.44,56.0,6.0,6.35,-22.09,-70.2,1603849132.0
57.086401363049134,167.63426625484612,nikolskoye,ru,52.0,87.0,75.0,8.95,59.7,30.79,1603849187.0
-78.81703515626388,-140.66440192522765,rikitea,pf,75.52,83.0,100.0,15.48,-23.12,-134.97,1603849184.0
-64.048188916037,-23.45624814615485,chuy,uy,62.4,96.0,100.0,11.88,-33.7,-53.46,1603849236.0
-42.89406844449944,-68.78819928578652,san carlos de bariloche,ar,39.2,87.0,40.0,25.28,-41.15,-71.31,1603849236.0
-44.41374485939006,138.44824743003625,portland,au,63.41,59.0,46.0,4.92,-38.33,141.6,1603849224.0
29.390396898227877,147.7428681663988,hasaki,jp,68.0,77.0,75.0,3.36,35.73,140.83,1603849195.0
5.0012287423920725,-141.01834117246716,atuona,pf,78.67,74.0,0.0,19.13,-9.8,-139.03,1603849192.0
53.19211287582357,37.282418285515746,korsakovo,ru,39.18,80.0,0.0,9.86,53.27,37.36,1603849237.0
55.442109672238985,10.773611986661194,kerteminde,dk,48.0,97.0,100.0,13.0,55.45,10.66,1603849237.0
-1.0054191600777926,-94.02834952397973,puerto ayora,ec,68.0,94.0,100.0,3.0,-0.74,-90.35,1603849020.0
52.507297399413915,-140.38108075685324,sitka,us,46.4,81.0,90.0,6.93,57.05,-135.33,1603849237.0
